<?xml version="1.0" encoding="UTF-8"?>
<!DOCTYPE plist PUBLIC "-//Apple//DTD PLIST 1.0//EN" "http://www.apple.com/DTDs/PropertyList-1.0.dtd">
<plist version="1.0">
<dict>
	<key>Install Document</key>
	<string>InstallInfo.plist</string>
	<key>InstallType</key>
	<string>automated</string>
	<key>Language</key>
	<string></string>
	<key>Target</key>
	<string>/Volumes/macOSmbr</string>
	<key>TargetName</key>
	<string>macOSmbr</string>
	<key>TargetUUID</key>
	<string>22222222-2222-2222-2222-222222222222</string>
</dict>
</plist>
